Organization,Parent,Amount FEC,IRS Exempt?,Type,Cycle
Americans for Constitutional Liberty,,8114446,Y,501(c)(4),2024
Ohio Works,,4247967,N,501(c)(4),2024
Campaign for a Family Friendly Economy,,3582513,N,501(c)(4),2024
National Assn of Realtors,,2281347,Y,501(c)(6),2024
Defending Democracy Together,,2066613,N,501(c)(4),2024
Black Progressive Action Coalition,Black PAC,1982480,N,501(c)(4),2024
Building America's Future,,1801685,N,501(c)(4),2024
Progress North Carolina Action,,1482017,N,501(c)(4),2024
Montana Rural Voters,,1416550,N,501(c)(4),2024
Somos Votantes,Campaign for a Family Friendly Economy,1291930,N,501(c)(4),2024
Votevets.Org Action Fund,VoteVets.org,1209187,N,501(c)(4),2024
Climate Emergency Advocates,,1177256,N,501(c)(4),2024
MomsRising Together,MomsRising,919954,N,501(c)(4),2024
Case Action Fund,,906104,N,501(c)(4),2024
ParentsTogether Action,,831665,N,501(c)(4),2024
Alliance for Youth Action,,823216,Y,501(c)(4),2024
Rebuild USA,AFL-CIO,761598,N,501(c)(4),2024
Voces de la Frontera Action,,753793,Y,501(c)(4),2024
Fair Future North Carolina,,733631,N,501(c)(4),2024
American Chemistry Council,,715923,Y,501(c)(6),2024
Planned Parenthood Advocates of Wisconsin,Planned Parenthood,706732,N,501(c)(4),2024
National Assn of Home Builders,,700000,N,501(c)(6),2024
United for Democracy,,696939,N,501(c)(4),2024
National Women's Law Center Action Fund,National Women's Law Center,690301,N,501(c)(4),2024
Stand Up America,,688536,N,501(c)(4),2024
Center for Voter Information,Voter Participation Center,572360,Y,501(c)(4),2024
Brighter Future Alliance,,514090,N,501(c)(4),2024
Wisconsin Principles Inc,,504500,N,501(c)(4),2024
Big Sky 55+,,503221,N,501(c)(4),2024
Democratic Majority for Israel,,458100,N,501(c)(4),2024
Animal Wellness Action,,418547,N,501(c)(4),2024
60 Plus Assn,,408295,N,501(c)(4),2024
National Security Action,,383500,N,501(c)(4),2024
Wilderness Society Action Fund,Wilderness Society,350008,N,501(c)(4),2024
Ohio Organizing Campaign,,328262,N,501(c)(4),2024
American Encore,,325000,N,501(c)(4),2024
Independent Veterans of America,,322600,N,501(c)(4),2024
Faith Voters for Good,,316211,N,501(c)(4),2024
Mi Familia Vota,,310400,N,501(c)(4),2024
National Wildlife Federation Action Fund,National Wildlife Federation,309805,Y,501(c)(4),2024
In Union USA Action,In Union USA,300992,N,501(c)(4),2024
United We Dream Action,United We Dream,293833,N,501(c)(4),2024
EarthJustice Action,Earthjustice Legal Defense Fund,293572,N,501(c)(4),2024
NRDC Action Fund,Natural Resources Defense Council,233962,Y,501(c)(4),2024
MI Poder,,224994,N,501(c)(4),2024
Community Water Center Action Fund,,218958,N,501(c)(4),2024
FLIC Votes,,207174,Y,501(c)(4),2024
Association of Equipment Manufacturers,,205832,N,501(c)(6),2024
NILC Immigrant Justice Fund,National Immigration Law Center,200000,N,501(c)(4),2024
POWER Action Fund,,189665,N,501(c)(4),2024
Women's March,,187192,N,501(c)(4),2024
Indivisible Project,,177473,N,501(c)(4),2024
Chesapeake Climate Action Network,,176525,N,501(c)(4),2024
Americans for Consumer Protection,,176026,N,501(c)(4),2024
Leaders Igniting Transformation,Center for Popular Democracy,170370,N,501(c)(4),2024
American Bankers Assn,,161392,N,501(c)(6),2024
CatholicVote.org,Fidelis Center,158901,Y,501(c)(4),2024
Food & Water Action,Food & Water Watch,145313,N,501(c)(4),2024
Ohio Citizen Action,Citizen Action,145237,N,501(c)(4),2024
American Civil Liberties Union,,145122,N,501(c)(4),2024
Carolina Federation,,138929,N,501(c)(4),2024
Red Wine & Blue,,134694,N,501(c)(4),2024
NAKASEC Action Fund,,133484,N,501(c)(4),2024
Environmental Defense Action Fund,Environmental Defense Fund,131516,N,501(c)(4),2024
Rise Inc (Los Angeles),,130301,N,501(c)(4),2024
LUPE Votes,La Union del Pueblo Entero,126524,N,501(c)(4),2024
Susan B Anthony Pro-Life America,,117863,Y,501(c)(4),2024
Civic Empowerment Coalition,United Farm Workers,114907,N,501(c)(4),2024
Protecting America Initiative,,114500,N,501(c)(4),2024
American Majority Action,American Majority,114137,Y,501(c)(4),2024
Economic Security Project Action,Economic Security Project,107746,N,501(c)(4),2024
NCAAT in Action,,101443,N,501(c)(4),2024
People for the American Way,,96052,Y,501(c)(4),2024
The Other 98% Action,,88405,N,501(c)(4),2024
We Act for Change,WE ACT for Environmental Justice,88002,N,501(c)(4),2024
Freedom Action Now,,84467,N,501(c)(4),2024
Immigrants' List Civic Action,Immigrants' List,81635,Y,501(c)(4),2024
March for Our Lives Action Fund,March for Our Lives,80542,N,501(c)(4),2024
Coloradans for Responsible Energy Development,,80000,N,501(c)(6),2024
Painters & Allied Trades Union,,72078,N,501(c)(6),2024
Protect Our Winters Action Fund,Protect Our Winters,69010,N,501(c)(4),2024
Issue One Action,Issue One,67500,N,501(c)(4),2024
Fair Election Fund,,66518,N,501(c)(4),2024
Patriotic Veterans,,63000,Y,501(c)(4),2024
Engage Miami,,62464,N,501(c)(4),2024
All in for Utah,,61293,N,501(c)(4),2024
UnidosUS Action Fund,UnidosUS,55613,Y,501(c)(4),2024
Center for US Voters Abroad,,54660,N,501(c)(4),2024
Fight Corporate Monopolies,,50470,N,501(c)(4),2024
National Assn of Realtors,,2822729,Y,501(c)(6),2022
US Chamber of Commerce,,1830355,Y,501(c)(6),2022
We Vote We Win,,1697582,N,501(c)(4),2022
Ohio Organizing Campaign,,1630803,Y,501(c)(4),2022
Black Progressive Action Coalition,Black PAC,1441796,N,501(c)(4),2022
Votevets.Org Action Fund,VoteVets.org,1397619,N,501(c)(4),2022
Americans for Constitutional Liberty,,1254214,Y,501(c)(4),2022
Opportunity for All Action Fund,,1078758,N,501(c)(4),2022
Humane Society Legislative Fund,Humane Society of the US,1003993,Y,501(c)(4),2022
Somos Votantes,Family Friendly Action Fund,958625,N,501(c)(4),2022
American Bankers Assn,,650000,N,501(c)(6),2022
Momsrising Together,MomsRising,639337,N,501(c)(4),2022
Climate Reality Action Fund,Climate Reality Project,610014,N,501(c)(4),2022
Patriotic Veterans,,608862,Y,501(c)(4),2022
New Georgia Project Action Fund,New Georgia Project,601238,N,501(c)(4),2022
Together Moving Mountains New Mexico,,515808,N,501(c)(4),2022
Third Way,,505000,Y,501(c)(4),2022
Case Action Fund,,455838,N,501(c)(4),2022
WorkMoney,,438568,N,501(c)(4),2022
Power To The Polls Wisconsin,,423377,N,501(c)(4),2022
Freedom's Future Fund,,385000,N,501(c)(4),2022
Animal Wellness Action,,361357,N,501(c)(4),2022
CatholicVote.org,Fidelis Center,355977,Y,501(c)(4),2022
American Majority Action,American Majority,349999,Y,501(c)(4),2022
Planned Parenthood/Wisconsin,Planned Parenthood,343791,N,501(c)(4),2022
Pennsylvania United,,334879,N,501(c)(4),2022
NRA Institute for Legislative Action,National Rifle Assn,332321,Y,501(c)(4),2022
Voces de la Frontera Action,,316096,Y,501(c)(4),2022
Communities for a New California,,310408,N,501(c)(4),2022
New Democracy,New Democracy Fund,291970,N,501(c)(4),2022
Living United for Change in Arizona,Center for Popular Democracy,279424,N,501(c)(4),2022
Be Counted,,278438,N,501(c)(4),2022
Alliance for Youth Action,,264585,Y,501(c)(4),2022
Rebuild USA,AFL-CIO,228730,N,501(c)(4),2022
Make the Road Action,,212243,N,501(c)(4),2022
National Assn of Convenience Stores,,203100,N,501(c)(6),2022
Citizens for Responsible Energy Solutions,,200000,Y,501(c)(4),2022
Economic Security Project Action,Economic Security Project,188090,N,501(c)(4),2022
Environmental Defense Action Fund,Environmental Defense Fund,176793,N,501(c)(4),2022
American Academy of Ophthalmology,,174100,N,501(c)(6),2022
The IMPACT Fund,,172338,N,Other,2022
National Wildlife Federation Action Fund,National Wildlife Federation,171742,Y,501(c)(4),2022
Feminist Majority,Feminist Majority Foundation,167219,Y,501(c)(4),2022
NCAAT in Action,,158314,N,501(c)(4),2022
Governing Majority Education Fund,,153098,N,501(c)(4),2022
J Street,,149840,Y,501(c)(4),2022
Republican Hindu Coalition,,141795,N,501(c)(4),2022
CARE Action Now,CARE International,129048,Y,501(c)(4),2022
Cafe Accion,Faith in Action,125000,N,501(c)(4),2022
Greenpeace,,119460,N,501(c)(4),2022
LUPE Votes,La Union del Pueblo Entero,115077,N,501(c)(4),2022
Pennsylvania Stands Up,,113796,N,501(c)(4),2022
Carolina Federation,,110084,N,501(c)(4),2022
Turning Point Action,Turning Point USA,107261,N,501(c)(4),2022
Civic Empowerment Coalition,United Farm Workers,100000,N,501(c)(4),2022
National Assn of Home Builders,,100000,N,501(c)(6),2022
Fuse Washington,,92534,N,501(c)(4),2022
The People's Lobby,,91482,N,501(c)(4),2022
Friends of the Earth Action,Friends of the Earth,91482,N,501(c)(4),2022
NARAL Pro-Choice America,,90000,Y,501(c)(4),2022
Students for Life Action,,87692,N,501(c)(4),2022
Indivisible Project,,86370,N,501(c)(4),2022
United We Dream Action,United We Dream,76836,N,501(c)(4),2022
Citizen Action of Wisconsin,,75157,Y,501(c)(4),2022
Somos Accion,,74740,N,501(c)(4),2022
Story Network Foundation,,67006,N,501(c)(4),2022
Leaders Igniting Transformation,Center for Popular Democracy,65513,N,501(c)(4),2022
Citizen Action of New York,Citizen Action,63402,Y,501(c)(4),2022
Emerging Voters Inc,,62972,N,501(c)(4),2022
Dolores Huerta Action Fund,,61907,N,501(c)(4),2022
Poder North Carolina Action,,61890,N,501(c)(4),2022
Chesapeake Climate Action Network,,61889,N,501(c)(4),2022
Charter Schools Action Fund,National Alliance for Public Charter Schools,57601,N,501(c)(4),2022
Freedom Action Now,,56523,N,501(c)(4),2022
People For The American Way,,56300,Y,501(c)(4),2022
Center For Racial & Gender Equity,,54969,N,501(c)(4),2022
Texas Justice Fund,,51805,N,501(c)(4),2022
Rise Inc (Los Angeles),,51167,N,501(c)(4),2022
Commonwealth Communications,,50000,N,501(c)(4),2022
Defending Democracy Together,,15412477,N,501(c)(4),2020
Americans for Constitutional Liberty,,7548879,Y,501(c)(4),2020
US Chamber of Commerce,,5747676,Y,501(c)(6),2020
Big Tent Project Fund,,4819710,N,501(c)(4),2020
Black Progressive Action Coalition,Black PAC,4549387,N,501(c)(4),2020
Majority Forward,Senate Majority PAC,3972402,Y,501(c)(4),2020
Demand Justice,Sixteen Thirty Fund,3732553,N,501(c)(4),2020
National Assn of Realtors,,3731877,Y,501(c)(6),2020
Piedmont Rising,,2792866,N,501(c)(4),2020
Take Back Control,,2775669,N,501(c)(4),2020
American Bankers Assn,,2708143,N,501(c)(6),2020
Black Youth Project 100,,1875200,Y,501(c)(4),2020
Turning Point Action,Turning Point USA,1531973,N,501(c)(4),2020
Advancing Arizona,,1529719,N,501(c)(4),2020
Climate Reality Action Fund,Climate Reality Project,1431414,N,501(c)(4),2020
NARAL Pro-Choice America,,1401899,Y,501(c)(4),2020
People For The American Way,,1373411,Y,501(c)(4),2020
Alliance for Youth Action,,1316063,Y,501(c)(4),2020
Family Friendly Action Fund,,1266886,N,501(c)(4),2020
Rocky Mountain Values,,1257127,N,501(c)(4),2020
American Bankers Assn,,2708143,N,501(c)(6),2020
Black Youth Project 100,,1875200,Y,501(c)(4),2020
Turning Point Action,Turning Point USA,1531973,N,501(c)(4),2020
Advancing Arizona,,1529719,N,501(c)(4),2020
Climate Reality Action Fund,Climate Reality Project,1431414,N,501(c)(4),2020
NARAL Pro-Choice America,,1401899,Y,501(c)(4),2020
People For The American Way,,1373411,Y,501(c)(4),2020
Alliance for Youth Action,,1316063,Y,501(c)(4),2020
Family Friendly Action Fund,,1266886,N,501(c)(4),2020
Rocky Mountain Values,,1257127,N,501(c)(4),2020
Gun Owners of America,,1080788,Y,501(c)(4),2020
SPLC Action Fund,Southern Poverty Law Center,1078658,N,501(c)(4),2020
Votevets.Org Action Fund,VoteVets.org,1070744,N,501(c)(4),2020
House Majority Forward,House Majority PAC,1062567,Y,501(c)(4),2020
Living United For Change In Arizona,Center for Popular Democracy,1049687,N,501(c)(4),2020
Momsrising Together,MomsRising,914104,N,501(c)(4),2020
NRA Institute for Legislative Action,National Rifle Assn,895451,Y,501(c)(4),2020
The IMPACT Fund,,881365,N,Other,2020
CatholicVote.org,Fidelis Center,876785,Y,501(c)(4),2020
Independent Women's Voice,,803343,Y,501(c)(4),2020
New Georgia Project Action Fund,New Georgia Project,678228,N,501(c)(4),2020
Commonwealth Communications,,675000,N,501(c)(4),2020
Story Network Foundation,,639045,N,501(c)(4),2020
Wilderness Society Action Fund,Wilderness Society,609586,N,501(c)(4),2020
Center for Voter Information,Voter Participation Center,582534,Y,501(c)(4),2020
National Security Action,,531982,N,501(c)(4),2020
Montana Rural Voters,,513062,N,501(c)(4),2020
Citizens for Responsible Energy Solutions,,499995,Y,501(c)(4),2020
Rural America 2020,,477911,N,501(c)(4),2020
Humane Society Legislative Fund,Humane Society of the US,453318,Y,501(c)(4),2020
Way to Win Action Fund,Way to Win,426655,N,501(c)(4),2020
Health Care Voter,Sixteen Thirty Fund,425000,N,501(c)(4),2020
Fight Corporate Monopolies,,415000,N,501(c)(4),2020
Montana Hunters & Anglers Action,Montana Hunters & Anglers,403857,N,501(c)(4),2020
Family Policy Alliance,Focus on the Family,374238,N,501(c)(4),2020
American Civil Liberties Union,,372220,N,501(c)(4),2020
Environmental Defense Action Fund,Environmental Defense Fund,349952,N,501(c)(4),2020
American Chemistry Council,,348870,Y,501(c)(6),2020
NILC Immigrant Justice Fund,National Immigration Law Center,337000,N,501(c)(4),2020
HSLDA Action,Home School Legal Defense Assn,332232,Y,501(c)(4),2020
Pennsylvania United,,332174,N,501(c)(4),2020
Bend The Arc Jewish Action,,316388,N,501(c)(4),2020
Sierra Club,,306910,Y,501(c)(4),2020
Equality Florida Action,Equality Federation,296212,N,501(c)(4),2020
Action for a Progressive Future,,261959,N,501(c)(4),2020
WorkMoney,,261933,N,501(c)(4),2020
Advance North Carolina,,251320,N,501(c)(4),2020
Associated General Contractors,,250000,N,501(c)(6),2020
NETWORK Lobby,,248701,N,501(c)(4),2020
Fellow Americans,,245015,N,501(c)(4),2020
Faith In Public Life Action Fund,,231000,N,501(c)(4),2020
Voces De La Frontera Action,,221979,Y,501(c)(4),2020
New Virginia Majority,,210668,N,501(c)(4),2020
Casa in Action,CASA de Maryland,200926,Y,501(c)(4),2020
Protect Our Winters Action Fund,Protect Our Winters,192558,N,501(c)(4),2020
Truth & Liberty Coalition,,192498,N,501(c)(4),2020
Patients USA,,189086,N,501(c)(4),2020
Black Economic Alliance,,171453,N,501(c)(4),2020
Poder North Carolina Action,,165072,N,501(c)(4),2020
Georgia's Not Buying It,,162764,N,501(c)(4),2020
Case Action Fund,,162110,N,501(c)(4),2020
Asian Pacific Islander Political Alliance,,160856,N,501(c)(4),2020
North Carolina A Phillip Randolph Educational Fund,,158708,N,501(c)(4),2020
American Majority Action,American Majority,155468,Y,501(c)(4),2020
Big Sky 55+,,152825,N,501(c)(4),2020
Citizen Action of Wisconsin,,145791,Y,501(c)(4),2020
New Florida Majority,,137399,Y,501(c)(4),2020
Stand Up Republic,,137180,N,501(c)(4),2020
National Assn of Home Builders,,125185,N,501(c)(6),2020
Montana Native Vote,,123015,N,501(c)(4),2020
Communities for a New California,,121710,N,501(c)(4),2020
Campaign for Sustainable Rx Pricing,National Coalition on Health Care,115095,Y,501(c)(6),2020
Faith 2020,,110028,N,501(c)(4),2020
Vapor Technology Assn,,108484,N,501(c)(6),2020
Animal Wellness Action,,107846,N,501(c)(4),2020
Democracy for All 2021,Sixteen Thirty Fund,105372,N,501(c)(4),2020
CUFI Action Fund,Christians United for Israel,100000,N,501(c)(4),2020
Students for Life Action,,92548,N,501(c)(4),2020
Immigrants' List Civic Action,Immigrants' List,90032,N,501(c)(4),2020
Wild Montana Action Fund,Montana Wilderness Assn,87433,N,501(c)(4),2020
Friends of the Earth Action,Friends of the Earth,86078,N,501(c)(4),2020
Fuse Washington,,85091,N,501(c)(4),2020
Protect Our Care,Sixteen Thirty Fund,84748,N,501(c)(4),2020
Shining City Upon A Hill Inc,,83908,N,501(c)(4),2020
People's Action,,83348,N,501(c)(4),2020
Democratic Socialists of America,,82445,N,501(c)(4),2020
Plus Action Fund,,75451,N,501(c)(4),2020
Jobs With Justice,,74226,N,501(c)(4),2020
A Stronger Louisiana,,71290,N,501(c)(4),2020
Granite State Progress,,70482,N,501(c)(4),2020
American Academy of Ophthalmology,,70000,N,501(c)(6),2020
Indivisible Kentucky,,67049,N,501(c)(4),2020
National Cotton Council,,66260,N,501(c)(6),2020
Texas Organizing Project,,64858,N,501(c)(4),2020
Somos Accion,,63986,N,501(c)(4),2020
American Federation for Children,,60000,N,501(c)(4),2020
215 People's Alliance,,59117,N,501(c)(4),2020
March On,,58000,N,501(c)(4),2020
Black Economic Alliance Fund,Black Economic Alliance,57151,N,501(c)(4),2020
Iowa Citizens for Community Improvement Action,,56464,Y,501(c)(4),2020
Way to Win Action Fund,Way to Win,426655,N,501(c)(4),2020
Wild Montana Action Fund,Montana Wilderness Assn,87433,N,501(c)(4),2020
Wilderness Society Action Fund,Wilderness Society,609586,N,501(c)(4),2020
WorkMoney,,261933,N,501(c)(4),2020
Majority Forward,Senate Majority PAC,45871118,Y,501(c)(4),2018
US Chamber of Commerce,,10908413,Y,501(c)(6),2018
Americans for Prosperity,,8936439,Y,501(c)(4),2018
Patriot Majority USA,,5745169,N,501(c)(4),2018
Environmental Defense Action Fund,Environmental Defense Fund,4779773,N,501(c)(4),2018
Black Progressive Action Coalition,Black PAC,4231582,N,501(c)(4),2018
American Chemistry Council,,2488814,Y,501(c)(6),2018
America First Policies,America First Action/America First Policies,2222648,N,501(c)(4),2018
VoteVets.org Action Fund,VoteVets.org,2040113,N,501(c)(4),2018
Ending Spending,,2038007,Y,501(c)(4),2018
Heritage Action For America,Heritage Foundation,1933477,Y,501(c)(4),2018
Freedom Partners Chamber Of Commerce,Freedom Partners,1657292,Y,501(c)(6),2018
Conservative Leadership Alliance Inc,Conservative Leadership Alliance,1579330,N,501(c)(4),2018
Everytown for Gun Safety Action Fund,Everytown for Gun Safety,1495925,Y,501(c)(4),2018
45 Cmte,,1482877,N,501(c)(4),2018
National Assn of Realtors,,1459810,Y,501(c)(6),2018
Planned Parenthood Action Fund,Planned Parenthood,1410047,Y,501(c)(4),2018
Republican Jewish Coalition,,1379394,Y,501(c)(4),2018
American Civil Liberties Union,,1368213,Y,501(c)(4),2018
NRA Institute for Legislative Action,National Rifle Assn,1347056,Y,501(c)(4),2018
American Future Fund,,1129930,Y,501(c)(4),2018
Susan B Anthony List,,972166,Y,501(c)(4),2018
NARAL Pro-Choice America,,962847,Y,501(c)(4),2018
Working People Rising,,953840,N,501(c)(4),2018
Humane Society Legislative Fund,Humane Society of the US,951564,Y,501(c)(4),2018
Citizens for Responsible Energy Solutions,,828870,Y,501(c)(4),2018
Winning for Women,,777082,N,501(c)(4),2018
Judicial Crisis Network,,651976,N,501(c)(4),2018
American Bankers Assn,,650000,Y,501(c)(6),2018
People for the American Way,,565399,Y,501(c)(4),2018
Alliance for Retired Americans,AFL-CIO,508661,Y,501(c)(4),2018
Giffords,,502160,Y,501(c)(4),2018
Texas Organizing Project PAC,Texas Organizing Project,475579,Y,501(c)(4),2018
Duty & Honor,,469369,N,501(c)(4),2018
Club for Growth,,391710,Y,501(c)(4),2018
National Assn of Home Builders,,360900,N,501(c)(6),2018
Center for Popular Democracy Action,Center for Popular Democracy,337872,N,501(c)(4),2018
Indivisible Project,,323269,N,501(c)(4),2018
Demand Justice,Sixteen Thirty Fund,317696,N,501(c)(4),2018
Animal Wellness Action,,312295,N,501(c)(4),2018
Citizens United,,311836,N,501(c)(4),2018
Great America Alliance,Great America PAC,300453,N,501(c)(4),2018
Credit Union National Assn,,296254,N,501(c)(6),2018
Floridians for a Fair Shake,Sixteen Thirty Fund,293650,N,501(c)(4),2018
Federation of American Hospitals,,280000,N,501(c)(6),2018
Montana Native Vote,,258660,N,501(c)(4),2018
Case Action Fund,,250013,N,501(c)(4),2018
American Conservative Union,,236000,Y,501(c)(4),2018
Sierra Club,,234710,Y,501(c)(4),2018
Planned Parenthood/Los Angeles,Planned Parenthood,202628,Y,501(c)(4),2018
Feminist Majority,Feminist Majority Foundation,190252,Y,501(c)(4),2018
National Security & Opportunity Fund,,183000,N,501(c)(4),2018
Living United for Change in Arizona,Center for Popular Democracy,177253,N,501(c)(4),2018
American Majority Action,American Majority,161532,Y,501(c)(4),2018
CHIRLA Action Fund,Coalition for Humane Immigrant Rights,153120,N,501(c)(4),2018
Stand Up Republic,,140000,N,501(c)(4),2018
Tides Advocacy,,136115,Y,501(c)(4),2018
Texas Right to Life Cmte,Right to Life,133965,N,501(c)(4),2018
Americans for Limited Government,,130000,Y,501(c)(4),2018
Communities for a New California,,128268,N,501(c)(4),2018
CatholicVote.org,Fidelis Center,125204,Y,501(c)(4),2018
Main Street Advocacy,,125000,Y,501(c)(4),2018
New American Leaders Action Fund,,124998,N,501(c)(4),2018
Boricua Vota,,124028,N,501(c)(4),2018
SoCal Healthcare Coalition,Sixteen Thirty Fund,120149,N,501(c)(4),2018
KRC in Action,,119896,N,501(c)(4),2018
Jewish Democratic Council of America,,117761,N,501(c)(4),2018
Bend the Arc Jewish Action,,117148,N,501(c)(4),2018
MomsRising Together,MomsRising,113281,N,501(c)(4),2018
West Virginia Coal Assn,,112410,N,501(c)(6),2018
Illinois Coalition for Immigrant & Refugee Rights,,111567,N,501(c)(4),2018
Illinois Immigrant Action,,111567,Y,501(c)(4),2018
Gun Owners of America,,107630,Y,501(c)(4),2018
Powerpac.org,,104282,Y,501(c)(4),2018
Coalition for Growth & Opportunity,,102835,N,501(c)(4),2018
Fair Wisconsin,,102372,Y,501(c)(4),2018
Sixteen Thirty Fund/Not One Penny,,97962,N,501(c)(4),2018
Make the Road Action,,97919,N,501(c)(4),2018
Center for Voter Information,Voter Participation Center,92718,Y,501(c)(4),2018
Wilderness Society Action Fund,Wilderness Society,92309,N,501(c)(4),2018
United We Dream Action,United We Dream,89028,N,501(c)(4),2018
Planned Parenthood/Pennsylvania,Planned Parenthood,73477,Y,501(c)(4),2018
Protect Our Winters Action Fund,Protect Our Winters,70725,N,501(c)(4),2018
Organize Now,,70124,N,501(c)(4),2018
Family Friendly Action Fund,,67711,N,501(c)(4),2018
Care Action Now,CARE International,64241,Y,501(c)(4),2018
Working Assets Funding Service,Working Assets,63810,N,501(c)(4),2018
Friends of the Earth Action,Friends Of The Earth,62607,Y,501(c)(4),2018
American Assn of Orthopaedic Surgeons,American Academy of Orthopaedic Surgeons,60650,N,501(c)(6),2018
Alianza for Progress,,60399,N,501(c)(4),2018
Black Voters Matter Fund,,59700,N,501(c)(4),2018
Montana League of Rural Voters,,58981,Y,501(c)(4),2018
American Wind Action,,58550,N,501(c)(4),2018
Mi Familia Vota,,55904,N,501(c)(4),2018
Swamp Accountability Project,,54800,N,501(c)(4),2018
Public Integrity Alliance,,51328,N,501(c)(4),2018
Black Economic Alliance Fund,Black Economic Alliance,50000,N,501(c)(4),2018
NRA Institute for Legislative Action,National Rifle Assn,35157585,Y,501(c)(4),2016
US Chamber of Commerce,,29099947,Y,501(c)(6),2016
45 Cmte,,22010330,N,501(c)(4),2016
Americans for Prosperity,,13309199,Y,501(c)(4),2016
American Future Fund,,12643178,Y,501(c)(4),2016
Majority Forward,Senate Majority PAC,10116977,Y,501(c)(4),2016
League of Conservation Voters,,7233755,Y,501(c)(4),2016
American Action Network,Congressional Leadership Fund,5559191,Y,501(c)(4),2016
Environmental Defense Action Fund,Environmental Defense Fund,4285793,N,501(c)(4),2016
Club for Growth,,4061719,Y,501(c)(4),2016
iAmerica Action,,3870474,N,501(c)(4),2016
American Chemistry Council,,3455206,Y,Other,2016
One Nation,Senate Leadership Fund,3405810,Y,501(c)(4),2016
Ending Spending,,2636359,Y,501(c)(4),2016
Planned Parenthood Action Fund,Planned Parenthood,1598346,Y,501(c)(4),2016
Citizens for Responsible Energy Solutions,,1443122,Y,501(c)(4),2016
VoteVets.org Action Fund,VoteVets.org,1386819,N,501(c)(4),2016
National Assn of Realtors,,1373941,Y,501(c)(6),2016
NARAL Pro-Choice America,,1325556,Y,501(c)(4),2016
Libre Initiative,,1227098,N,501(c)(4),2016
Humane Society Legislative Fund,Humane Society of the US,1187221,Y,501(c)(4),2016
SecureAmericaNow.org,,1150400,Y,501(c)(4),2016
Susan B Anthony List,,756139,Y,501(c)(4),2016
Enterprise Freedom Action Cmte,Berman & Co,750636,Y,501(c)(4),2016
Right Way Initiative,,703489,N,501(c)(4),2016
Your Vote Matters,,700000,N,501(c)(4),2016
National Assn of Home Builders,,659565,N,501(c)(6),2016
Associated Builders & Contractors,,637000,Y,501(c)(6),2016
Sixteen Thirty Fund/Make it Work Action,Sixteen Thirty Fund,601616,N,501(c)(4),2016
J Street,,554702,Y,501(c)(4),2016
Avaaz Foundation,,540766,N,501(c)(4),2016
CatholicVote.org,Fidelis Center,530580,Y,501(c)(4),2016
People for the American Way,,501560,Y,501(c)(4),2016
Sierra Club,,494689,Y,501(c)(4),2016
Fund for Economic Growth,American Bankers Assn,490328,Y,501(c)(4),2016
Republican Jewish Coalition,,486320,Y,501(c)(4),2016
America Working Together,,451357,N,501(c)(4),2016
Citizens for a Sound Government,,412975,Y,501(c)(4),2016
America Next,,392648,Y,501(c)(4),2016
Concerned Veterans for America,,388069,N,501(c)(4),2016
CASA in Action,CASA de Maryland,350455,Y,501(c)(4),2016
West Virginia Chamber of Commerce,,338828,Y,501(c)(6),2016
Latino Victory Project,,305000,N,501(c)(4),2016
America's Renewable Future,,297664,N,Other,2016
Freedom Partners Chamber of Commerce,Freedom Partners,296005,Y,501(c)(6),2016
Center Forward,,257607,N,501(c)(4),2016
Main Street Advocacy,,250000,Y,501(c)(4),2016
Republican Hindu Coalition,,248901,N,501(c)(4),2016
California Labor Federation AFL-CIO,AFL-CIO,243797,N,Other,2016
Our Revolution,,240000,N,501(c)(4),2016
Patriot Majority USA,,214622,N,501(c)(4),2016
Planned Parenthood/North Carolina,Planned Parenthood,206751,N,501(c)(4),2016
Feminist Majority,Feminist Majority Foundation,192076,Y,501(c)(4),2016
Everytown for Gun Safety Action Fund,Everytown for Gun Safety,181649,Y,501(c)(4),2016
We Are Wisconsin,,176191,N,501(c)(4),2016
Equality Pennsylvania,Equality Federation,158920,N,501(c)(4),2016
Stand Up for Ohio,Ohio Organizing Campaign,157662,N,501(c)(4),2016
America's Voice,,151548,Y,501(c)(4),2016
Bend the Arc Jewish Action,,151309,N,501(c)(4),2016
One Pittsburgh,,145041,N,501(c)(4),2016
Citizens for a Working America,,144895,Y,501(c)(4),2016
Education Reform Now Advocacy,Education Reform Now,125000,N,Other,2016
Friends of the Earth Action,Friends Of The Earth,123372,Y,501(c)(4),2016
60 Plus Assn,,121897,Y,501(c)(4),2016
Women's Voices Women Vote Action Fund,Voter Participation Center,120234,Y,501(c)(4),2016
Wisconsin Jobs Now,,117206,N,501(c)(4),2016
Human Rights Campaign,,116709,Y,Other,2016
National Council of La Raza,,111978,Y,Other,2016
Food Policy Action,,111139,Y,501(c)(4),2016
Alliance for a Free Society,,110210,N,501(c)(6),2016
Planned Parenthood/Wisconsin,Planned Parenthood,109076,Y,501(c)(4),2016
ProgressNow,,105000,N,501(c)(4),2016
PowerPac.Org,,104282,Y,501(c)(4),2016
350.org Action Fund,350.org,98947,Y,501(c)(4),2016
UltraViolet Action,,93192,N,501(c)(4),2016
Progress Project,American Future Fund,92546,Y,501(c)(4),2016
Democratic Socialists of America,,87266,N,501(c)(4),2016
American Conservative Union,,85100,Y,501(c)(4),2016
Eastern Carolina Conservative Fund,,84000,N,501(c)(4),2016
Ohio Environmental Council Action Fund,Ohio Environmental Council,82814,N,501(c)(4),2016
Catholic Assn,,74500,Y,501(c)(4),2016
Mountaineers Are Always Free,,69635,N,501(c)(4),2016
Montana Native Vote,,67651,N,501(c)(4),2016
Credit Union National Assn,,66371,N,501(c)(6),2016
Gun Owners of America,,65931,Y,501(c)(4),2016
Catalyst Oklahoma,,62099,Y,501(c)(4),2016
Planned Parenthood/Pacific Southwest,Planned Parenthood,60236,Y,501(c)(4),2016
Alzheimer's Assn,,60000,N,501(c)(4),2016
Emergency Cmte for Israel,,56800,N,501(c)(4),2016
Extraordinary America,,54675,N,501(c)(4),2016
Illinois AFL-CIO,AFL-CIO,52818,N,Other,2016
North Carolina Latino Power,,50356,N,501(c)(4),2016
Ocean Champions,,50350,Y,501(c)(4),2016
Patriotic Veterans,,50000,Y,501(c)(4),2016
US Chamber of Commerce,,35464243,Y,501(c)(6),2014
Crossroads GPS,American Crossroads/Crossroads GPS,26015713,Y,501(c)(4),2014
NRA Institute for Legislative Action,National Rifle Assn,12675153,Y,501(c)(4),2014
Patriot Majority USA,,10652282,Y,501(c)(4),2014
League of Conservation Voters,,10353920,Y,501(c)(4),2014
American Action Network,Congressional Leadership Fund,8958129,Y,501(c)(4),2014
Kentucky Opportunity Coalition,,7573748,Y,501(c)(4),2014
Ending Spending,,6420885,Y,501(c)(4),2014
Carolina Rising,,3279626,N,501(c)(4),2014
VoteVets.org Action Fund,VoteVets.org,3141632,N,501(c)(4),2014
US Chamber of Commerce,,35464243,Y,501(c)(6),2014
Crossroads GPS,American Crossroads/Crossroads GPS,26015713,Y,501(c)(4),2014
NRA Institute for Legislative Action,National Rifle Assn,12675153,Y,501(c)(4),2014
Patriot Majority USA,,10652282,Y,501(c)(4),2014
League of Conservation Voters,,10353920,Y,501(c)(4),2014
American Action Network,Congressional Leadership Fund,8958129,Y,501(c)(4),2014
Kentucky Opportunity Coalition,,7573748,Y,501(c)(4),2014
Ending Spending,,6420885,Y,501(c)(4),2014
Carolina Rising,,3279626,N,501(c)(4),2014
VoteVets.org Action Fund,VoteVets.org,3141632,N,501(c)(4),2014
Humane Society Legislative Fund,Humane Society of the US,1153670,Y,501(c)(4),2014
Credit Union National Assn,,1062507,N,501(c)(6),2014
America Inc,,954114,Y,501(c)(4),2014
Independent Women's Voice,,943676,Y,501(c)(4),2014
Susan B Anthony List,,943362,Y,501(c)(4),2014
Planned Parenthood Action Fund,Planned Parenthood,930290,Y,501(c)(4),2014
NARAL Pro-Choice America/Colorado,NARAL Pro-Choice America,846929,Y,501(c)(4),2014
60 Plus Assn,,814100,Y,501(c)(4),2014
Focus on the Family,,749382,Y,501(c)(4),2014
Council for American Job Growth,FWD.us,719525,N,501(c)(4),2014
Center Forward,,663518,N,501(c)(4),2014
American Conservative Union,,555823,Y,501(c)(4),2014
Club For Growth,,481773,Y,501(c)(4),2014
Alliance for a Free Society,,450081,N,501(c)(6),2014
Michigan Chamber of Commerce,,401367,Y,501(c)(6),2014
Everytown for Gun Safety Action Fund,Everytown for Gun Safety,386922,Y,501(c)(4),2014
Southern Alliance for Clean Energy,,369915,Y,501(c)(4),2014
Main Street Advocacy,,360000,Y,501(c)(4),2014
Legacy Foundation Action Fund,,351278,N,501(c)(4),2014
People For The American Way,,339874,Y,501(c)(4),2014
Latino Victory Project,,326654,N,501(c)(4),2014
New Jersey Education Assn,National Education Assn,306260,N,501(c)(4),2014
Fuels America,,274366,Y,501(c)(6),2014
Planned Parenthood/Pacific Southwest,Planned Parenthood,254418,Y,501(c)(4),2014
NARAL Pro-Choice America,,254193,Y,501(c)(4),2014
Illinois Chamber of Commerce,,238749,Y,501(c)(6),2014
Foundation for Economic Prosperity,,231622,Y,501(c)(4),2014
Ocean Champions,,221578,Y,501(c)(4),2014
Michigan for All,,198331,N,501(c)(4),2014
American Commitment,,196204,N,501(c)(4),2014
American Medical Assn,,192215,Y,501(c)(6),2014
National Organization for Marriage,,176666,Y,501(c)(4),2014
Freedom Vote,,174604,Y,501(c)(4),2014
Gun Owners of America,,161636,Y,501(c)(4),2014
Independent Insurance Agents & Brokers of America,,149939,Y,501(c)(6),2014
National Council of La Raza,,147521,Y,501(c)(4),2014
Americans For Tax Reform,,122500,Y,501(c)(4),2014
Planned Parenthood/Mar Monte,Planned Parenthood,106444,Y,501(c)(4),2014
State Tea Party Express,Tea Party Express/Our Country Deserves,106137,N,501(c)(4),2014
Feminist Majority,Feminist Majority Foundation,105919,Y,501(c)(4),2014
New Florida Majority,,104524,Y,501(c)(4),2014
Americans for a Conservative Direction,FWD.US,102035,N,501(c)(4),2014
Iowa Citizens for Community Improvement Action,,93196,Y,501(c)(4),2014
Sierra Club,,81374,Y,501(c)(4),2014
Planned Parenthood/Minnesota,Planned Parenthood,78096,Y,501(c)(4),2014
Food Policy Action,,75197,Y,501(c)(4),2014
Health Coalition on Liability & Access,,75000,N,501(c)(4),2014
350.org Action Fund,350.org,62503,Y,501(c)(4),2014
Georgia Credit Union League,Credit Union National Assn,60800,Y,501(c)(6),2014
Catholic Advocate,,59960,Y,501(c)(4),2014
Human Rights Campaign,,55689,Y,501(c)(4),2014
Powerpac.org,,55594,Y,501(c)(4),2014
Crossroads GPS,American Crossroads/Crossroads GPS,71181940,Y,501(c)(4),2012
Americans for Prosperity,,36637579,Y,501(c)(4),2012
US Chamber of Commerce,,35657029,Y,501(c)(6),2012
American Future Fund,,25414586,Y,501(c)(4),2012
Americans for Job Security,,15872864,Y,501(c)(6),2012
Americans for Tax Reform,,15794552,Y,501(c)(4),2012
American Action Network,Congressional Leadership Fund,11689399,Y,501(c)(4),2012
League of Conservation Voters,,11137177,Y,501(c)(4),2012
Americans for Responsible Leadership,,9793014,Y,501(c)(4),2012
NRA Institute for Legislative Action,National Rifle Assn,8607876,Y,501(c)(4),2012
Patriot Majority USA,,7013886,Y,501(c)(4),2012
Planned Parenthood Action Fund,Planned Parenthood,6545371,Y,501(c)(4),2012
60 Plus Assn,,4615892,Y,501(c)(4),2012
Republican Jewish Coalition,,4595666,Y,501(c)(4),2012
YG Network,,2874481,Y,501(c)(4),2012
CitizenLink,Focus on the Family,2574666,Y,501(c)(4),2012
National Federation of Independent Business,,2168004,Y,501(c)(6),2012
VoteVets.org Action Fund,VoteVets.org,2119985,N,501(c)(4),2012
Center Forward,,2057089,N,501(c)(4),2012
Susan B Anthony List,,1961223,Y,501(c)(4),2012
Center for Individual Freedom,,1864735,Y,501(c)(4),2012
American Commitment,,1858765,N,501(c)(4),2012
NARAL Pro-Choice America,,1710358,Y,501(c)(4),2012
Citizens for a Working America,,1555051,Y,501(c)(4),2012
Humane Society Legislative Fund,Humane Society of the US,1490762,Y,501(c)(4),2012
National Assn of Realtors,,1443231,Y,501(c)(6),2012
American Energy Alliance,,1361500,Y,501(c)(4),2012
Americans Elect,,1349282,N,501(c)(4),2012
Ending Spending,,1203090,Y,501(c)(4),2012
VoteVets.org,,1070555,N,501(c)(4),2012
New American Energy Opportunity Foundation,,1016625,N,501(c)(4),2012
Citizen Awareness Project,,1003409,Y,501(c)(4),2012
Independent Women's Voice,,989598,Y,501(c)(4),2012
Michigan League of Conservation Voters,League of Conservation Voters,860237,Y,501(c)(4),2012
Emergency Cmte for Israel,,855660,N,501(c)(4),2012
Hispanic Leadership Fund,,838417,Y,501(c)(4),2012
American Resort Development Assn,,812800,Y,501(c)(6),2012
Veterans for a Strong America,,762122,N,501(c)(4),2012
Fair Share Alliance,,706220,Y,501(c)(4),2012
SecureAmericaNow.org,,670660,Y,501(c)(4),2012
Club for Growth,,660220,Y,501(c)(4),2012
American Chemistry Council,,648600,Y,501(c)(6),2012
National Right to Life,Right to Life,603471,Y,501(c)(4),2012
Faith & Freedom Coalition,,570744,Y,501(c)(4),2012
Special Operations OPSEC Education Fund,,485000,N,501(c)(4),2012
Freedom Path,,457076,N,501(c)(4),2012
National Wildlife Federation Action Fund,National Wildlife Federation,450419,Y,501(c)(4),2012
National Organization for Marriage,,425087,Y,501(c)(4),2012
Concerned Women for America Legislative Action,Concerned Women for America,405350,Y,501(c)(4),2012
Catholic Assn,,332172,Y,501(c)(4),2012
NRDC Action Fund,Natural Resources Defense Council,286750,Y,501(c)(4),2012
USAction,,272380,Y,501(c)(4),2012
Heritage Action for America,Heritage Foundation,236346,Y,501(c)(4),2012
Let Freedom Ring,,224084,Y,501(c)(4),2012
American Majority Action,American Majority,221312,Y,501(c)(4),2012
American Medical Assn,,211324,Y,501(c)(6),2012
Protect the Harvest,,197766,Y,501(c)(4),2012
Texas Credit Union League,Credit Union National Assn,196231,Y,501(c)(6),2012
United Against Illegal Guns Support Fund,,178660,Y,Other,2012
Mayors Against Illegal Guns,Everytown for Gun Safety,175591,Y,501(c)(4),2012
Environment America,,172334,Y,501(c)(4),2012
Health Coalition on Liability & Access,,143709,N,501(c)(6),2012
CatholicVote.org,Fidelis Center,133519,Y,501(c)(4),2012
Working for Michigan,,132584,N,501(c)(4),2012
Progressive Leadership Alliance/Nevada Action Fund,Progressive Leadership Alliance of Nevada,129992,Y,501(c)(4),2012
American Principles in Action,,115699,Y,501(c)(4),2012
Marylanders for Marriage Equality,,110000,N,501(c)(4),2012
Sierra Club,,106711,Y,501(c)(4),2012
Our Community Votes,,105795,N,501(c)(4),2012
Save Hetch Hetchy No On F,,99339,N,Other,2012
Truman National Security Project,,92396,Y,501(c)(4),2012
America's Voice,,91190,Y,501(c)(4),2012
California League of Conservation Voters,League of Conservation Voters,89240,Y,501(c)(4),2012
Patriotic Veterans,,86700,Y,501(c)(4),2012
Human Rights Campaign,,84054,Y,501(c)(4),2012
Common Sense Issues,,79907,Y,501(c)(4),2012
Colorado Family Action,,78045,Y,501(c)(4),2012
Wisconsin Family Action,,75853,Y,501(c)(4),2012
Nevada Advocates for Planned Parenthood,Planned Parenthood,74697,Y,501(c)(4),2012
Gun Owners of America,,70731,Y,501(c)(4),2012
A Better America Now,,65664,Y,501(c)(4),2012
American Conservative Union,,64713,Y,501(c)(4),2012
Americans United 4 Life Action,,61810,Y,501(c)(4),2012
America is not Stupid,,60725,Y,501(c)(4),2012
Montana Hunters & Anglers Action,Montana Hunters & Anglers,60000,N,501(c)(4),2012
Enterprise Freedom Action Cmte,Berman & Co,58065,Y,501(c)(4),2012
Iowa Credit Union League,Credit Union National Assn,56600,Y,501(c)(6),2012
Planned Parenthood/Pacific Southwest,Planned Parenthood,53872,Y,501(c)(4),2012
Women's Voices Women Vote Action Fund,Voter Participation Center,52000,Y,501(c)(4),2012
Direct Selling Assn,,50649,Y,501(c)(6),2012
US Chamber of Commerce,,32351591,Y,501(c)(6),2010
American Action Network,Congressional Leadership Fund,23153601,Y,501(c)(4),2010
Crossroads GPS,American Crossroads/Crossroads GPS,16549807,Y,501(c)(4),2010
American Future Fund,,10081184,Y,501(c)(4),2010
Americans for Job Security,,9513080,Y,501(c)(6),2010
60 Plus Assn,,7116911,Y,501(c)(4),2010
Americans for Tax Reform,,4160299,Y,501(c)(4),2010
League of Conservation Voters,,4026036,Y,501(c)(4),2010
Center for Individual Freedom,,2500610,Y,501(c)(4),2010
Susan B Anthony List,,2392257,Y,501(c)(4),2010
VoteVets.org Action Fund,VoteVets.org,2360867,N,501(c)(4),2010
Revere America,,2265727,N,501(c)(4),2010
National Assn of Realtors,,1768706,Y,501(c)(6),2010
CSS Action Fund,Citizens for Strength & Security,1391879,N,501(c)(4),2010
Americans for Prosperity,,1322058,Y,501(c)(4),2010
Republican Jewish Coalition,,1143465,Y,501(c)(4),2010
Women's Voices Women Vote Action Fund,Women's Voices Women Vote,1128158,Y,501(c)(4),2010
Defenders of Wildlife Action Fund,Defenders of Wildlife,1100126,Y,501(c)(4),2010
Sierra Club,,1090717,Y,501(c)(4),2010
NRA Institute for Legislative Action,National Rifle Assn,1089328,Y,501(c)(4),2010
Americans for Limited Government,,1021378,Y,501(c)(4),2010
National Assn of Manufacturers,,886763,Y,501(c)(6),2010
VoteVets.org,,858003,N,501(c)(4),2010
American Hospital Assn,,794249,Y,501(c)(6),2010
Humane Society Legislative Fund,Humane Society of the US,767365,Y,501(c)(4),2010
Alliance for America's Future,,703772,Y,501(c)(4),2010
Club for Growth,,643300,Y,501(c)(4),2010
National Right to Life,Right to Life,642130,Y,501(c)(4),2010
Arkansans for Common Sense,,637812,N,501(c)(4),2010
West Virginia Conservative Foundation,,634974,Y,501(c)(4),2010
BlueGreen Alliance,,473246,Y,501(c)(4),2010
Advancing Wisconsin,,470421,N,501(c)(4),2010
Independent Women's Voice,,455000,Y,501(c)(4),2010
Coalition to Protect Seniors,,428145,N,501(c)(4),2010
Americans United 4 Life Action,,405484,Y,501(c)(4),2010
NARAL Pro-Choice America,,383446,Y,501(c)(4),2010
National Wildlife Federation Action Fund,National Wildlife Federation,382656,Y,501(c)(4),2010
People for the American Way,,319074,Y,501(c)(4),2010
Planned Parenthood/Pennsylvania,Planned Parenthood,280304,Y,501(c)(4),2010
Our Community Votes,,272445,N,501(c)(4),2010
Jordan Credit Union,,258500,N,Other,2010
America Votes,,252876,Y,501(c)(4),2010
American Principles in Action,,243541,Y,501(c)(4),2010
American Chemistry Council,,225000,Y,501(c)(6),2010
Faith & Freedom Coalition,,216441,Y,501(c)(4),2010
National Organization for Marriage,,208176,Y,501(c)(4),2010
Illinois Chamber of Commerce,,200000,Y,501(c)(6),2010
Citizens for the Republic,,195411,Y,501(c)(4),2010
Rightchange.com,,192070,N,501(c)(4),2010
Environment America,,164911,Y,501(c)(4),2010
Common Sense Issues,,160482,Y,501(c)(4),2010
American Majority Action,American Majority,157624,Y,501(c)(4),2010
CARE Membership Organization,Colorado Rural Electric Assn,154310,N,501(c)(6),2010
National Federation of Independent Business,,140129,Y,501(c)(6),2010
Progressive Future,,136733,Y,501(c)(4),2010
Indiana Chamber of Commerce,,126410,Y,501(c)(6),2010
Michigan Citizens for Fiscal Responsibility,,125000,N,501(c)(4),2010
Campaign for Community Change,Center for Community Change,118623,Y,501(c)(4),2010
Pennsylvania Business Council,,117992,Y,501(c)(6),2010
Bull Moose Sportsmen's Alliance,,117540,N,501(c)(4),2010
Wisconsin Manufacturers & Commerce,,114661,Y,501(c)(4),2010
Foundation For A Secure & Prosperous America,,111407,Y,501(c)(4),2010
Citizen Action of Wisconsin,,110617,Y,501(c)(4),2010
Enterprise Freedom Action Cmte,Berman & Co,105978,Y,501(c)(4),2010
Michigan Credit Union League,Credit Union National Assn,103870,Y,501(c)(6),2010
Hispanic Leadership Fund,,100000,Y,501(c)(4),2010
Building a Stronger Wisconsin,,95004,Y,501(c)(4),2010
Planned Parenthood Votes! Washington,Planned Parenthood,92228,Y,501(c)(4),2010
Filangieri Society for Justice & Good Government,,91901,N,501(c)(4),2010
Florida New Majority,,91891,Y,501(c)(4),2010
Gun Owners of America,,85275,Y,501(c)(4),2010
American First Credit Union,,84205,Y,Other,2010
Arizona Credit Union League,Credit Union National Assn,78536,N,501(c)(6),2010
America's Future Fund,,77572,N,501(c)(4),2010
USAction,,65363,Y,501(c)(4),2010
National Assn for Gun Rights,,58239,Y,501(c)(4),2010
Planned Parenthood/Mar Monte,Planned Parenthood,50280,Y,501(c)(4),2010
Freedom's Watch,,17259645,Y,501(c)(4),2008
US Chamber of Commerce,,16647261,Y,501(c)(6),2008
America's Agenda: Health Care for Kids,,11300000,Y,501(c)(4),2008
Americans for Job Security,,8974756,N,501(c)(6),2008
Vets for Freedom,,4824464,Y,501(c)(4),2008
One Campaign,,4618567,Y,501(c)(4),2008
Health Care for America Now,,3991856,N,501(c)(4),2008
American Rights at Work,,3762700,Y,501(c)(4),2008
AARP,,3633073,Y,501(c)(4),2008
Let Freedom Ring,,3535786,Y,501(c)(4),2008
American Issues Project,,2878872,N,501(c)(4),2008
Defenders of Wildlife Action Fund,Defenders of Wildlife,2821455,N,501(c)(4),2008
National Assn of Realtors,,2585018,Y,501(c)(4),2008
League of Conservation Voters,,2553048,Y,501(c)(4),2008
American Future Fund,,2334899,Y,501(c)(4),2008
NARAL Pro-Choice America,,2307853,Y,501(c)(4),2008
Progressive Future,,2006436,Y,501(c)(4),2008
Advancing Wisconsin,,1752459,N,501(c)(4),2008
Alliance for a Better Minnesota,ProgressNow,1597203,Y,501(c)(4),2008
Republican Jewish Coalition,,1364502,Y,501(c)(4),2008
NRA Institute for Legislative Action,National Rifle Assn,1217269,Y,501(c)(4),2008
American Energy Alliance,,845116,Y,501(c)(4),2008
National Right to Life,Right to Life,831152,Y,501(c)(4),2008
Susan B Anthony List,,824961,Y,501(c)(4),2008
National Federation of Independent Business,,823278,Y,501(c)(6),2008
Environmental Defense Action Fund,Environmental Defense Fund,711646,N,501(c)(4),2008
American Medical Assn,,699055,Y,501(c)(6),2008
Coloradans for Economic Growth,,670562,N,501(c)(4),2008
Judicial Confirmation Network,,571063,N,501(c)(4),2008
Defenders of Wildlife,,544174,Y,501(c)(4),2008
Focus on the Family,,504541,Y,501(c)(4),2008
Americans for Prosperity,,462291,Y,501(c)(4),2008
Powerpac.org,,409517,Y,501(c)(4),2008
Environment Colorado,Environment America,402825,N,501(c)(4),2008
Working America,AFL-CIO,400677,Y,501(c)(4),2008
Club for Growth,,367891,Y,501(c)(4),2008
Common Sense Issues,,326971,Y,501(c)(4),2008
Planned Parenthood/Minnesota,Planned Parenthood,297620,Y,501(c)(4),2008
They Work for Us,,229166,N,501(c)(4),2008
Planned Parenthood/Oregon,Planned Parenthood,222548,N,501(c)(4),2008
Winning Message Action Fund,,214928,N,501(c)(4),2008
Environment America,,214848,Y,501(c)(4),2008
Votevets.org,,204542,N,501(c)(4),2008
Mayors Against Illegal Guns,Everytown for Gun Safety,191605,Y,501(c)(4),2008
Sierra Club,,177716,Y,501(c)(4),2008
Filangieri Society for Justice & Good Government,,153422,N,501(c)(4),2008
National Assn of Home Builders,,112900,Y,501(c)(6),2008
Friends of the Earth Action,Friends of the Earth,102428,Y,501(c)(4),2008
California Assn of Realtors,National Assn of Realtors,100015,N,501(c)(6),2008
Association of Community Orgs For Reform Now,,99987,N,501(c)(4),2008
Women's Voices Women Vote Action Fund,Women's Voices Women Vote,87528,Y,501(c)(4),2008
Louisiana Conservative Action Network,,86914,N,501(c)(4),2008
Planned Parenthood/Mar Monte,Planned Parenthood,82490,Y,501(c)(4),2008
Americas Majority,,65044,N,501(c)(4),2008
American Family Business Institute,,65000,N,501(c)(6),2008
Planned Parenthood/St Louis Region,Planned Parenthood,59513,Y,501(c)(4),2008
National Taxpayers Union,,51503,Y,501(c)(4),2008
National Assn of Realtors,,3158163,Y,501(c)(6),2006
American Medical Assn,,592667,Y,501(c)(6),2006
League of Conservation Voters,,472062,Y,501(c)(4),2006
Defenders of Wildlife Action Fund,Defenders of Wildlife,354341,N,501(c)(4),2006
Humane Society Legislative Fund,Humane Society of the US,308758,Y,501(c)(4),2006
NARAL Pro-Choice America,,263475,Y,501(c)(4),2006
Focus on the Family,,207184,Y,501(c)(4),2006
National Federation of Independent Business,,168709,Y,501(c)(6),2006
Sierra Club,,164226,Y,501(c)(4),2006
American Assn for Justice,,90628,Y,501(c)(6),2006
National Wildlife Action,,90000,N,501(c)(4),2006
National Right to Life,Right to Life,88397,Y,501(c)(4),2006
Connecticut Citizen Action Group,Citizen Action,73244,Y,501(c)(4),2006
NRA Institute for Legislative Action,National Rifle Assn,64157,Y,501(c)(4),2006
National Assn of Realtors,,1336361,Y,501(c)(6),2004
NRA Institute for Legislative Action,National Rifle Assn,1027090,Y,501(c)(4),2004
Sierra Club,,787943,Y,501(c)(4),2004
Defenders of Wildlife Action Fund,Defenders of Wildlife,592534,N,501(c)(4),2004
American Medical Assn,,450036,Y,501(c)(6),2004
Focus on the Family,,210244,Y,501(c)(4),2004
National Federation of Independent Business,,207563,Y,501(c)(6),2004
NARAL Pro-Choice America,,186775,Y,501(c)(4),2004
Associated Builders & Contractors,,138134,Y,501(c)(6),2004
Planned Parenthood/Los Angeles,Planned Parenthood,122052,Y,501(c)(4),2004
Planned Parenthood/Pennsylvania,Planned Parenthood,89704,Y,501(c)(4),2004
US Chamber of Commerce,,74712,Y,501(c)(6),2004
Planned Parenthood/Florida,Planned Parenthood,63394,N,501(c)(4),2004
Planned Parenthood/North Texas,Planned Parenthood,60377,N,501(c)(4),2004
National Abortion Rights Action League,,1332255,Y,501(c)(4),2002
League of Conservation Voters,,935027,Y,501(c)(4),2002
National Assn of Realtors,,638605,Y,501(c)(6),2002
National Federation of Independent Business,,348242,Y,501(c)(6),2002
American Medical Assn,,310244,Y,501(c)(6),2002
NRA Institute for Legislative Action,National Rifle Assn,224553,Y,501(c)(4),2002
Association of Trial Lawyers of America,,88068,Y,501(c)(6),2002
Sierra Club,,83394,Y,501(c)(4),2002
American First Credit Union,,73995,Y,Other,2002
Bellco Credit Union,,52692,Y,Other,2002
National Abortion Rights Action League,,6599622,Y,501(c)(4),2000
NRA Institute for Legislative Action,National Rifle Assn,1795476,Y,501(c)(4),2000
League of Conservation Voters,,1183829,Y,501(c)(4),2000
National Assn of Realtors,,492735,Y,501(c)(6),2000
National Federation of Independent Business,,446243,Y,501(c)(6),2000
Sierra Club,,224381,Y,501(c)(4),2000
National Assn of Home Builders,,125856,Y,501(c)(6),2000
Associated Builders & Contractors,,50306,Y,501(c)(6),2000
NRA Institute for Legislative Action,National Rifle Assn,642749,Y,501(c)(4),1998
National Assn of Realtors,,614754,Y,501(c)(6),1998
National Federation of Independent Business,,323390,Y,501(c)(6),1998
League of Conservation Voters,,248156,Y,501(c)(4),1998
Sierra Club,,80045,Y,501(c)(4),1998
US Chamber of Commerce,,61101,Y,501(c)(6),1998
NRA Institute for Legislative Action,National Rifle Assn,527361,Y,501(c)(4),1996
National Assn of Realtors,,465024,Y,501(c)(6),1996
National Federation of Independent Business,,215118,Y,501(c)(6),1996
League of Conservation Voters,,152865,Y,501(c)(4),1996
US Chamber of Commerce,,109036,Y,501(c)(6),1996
Michigan Right to Life,Right to Life,102902,Y,501(c)(4),1996
Association of Trial Lawyers of America,,87094,Y,501(c)(6),1996
American Medical Assn,,78921,Y,501(c)(6),1996
NRA Institute for Legislative Action,National Rifle Assn,1933224,Y,501(c)(4),1994
National Assn of Realtors,,448368,Y,501(c)(6),1994
Ohio Citizen Action,Citizen Action,275035,Y,501(c)(4),1994
National Federation of Independent Business,,162243,Y,501(c)(6),1994
NRA Institute for Legislative Action,National Rifle Assn,2830484,Y,501(c)(4),1992
National Assn of Realtors,,537051,Y,501(c)(6),1992
California Assn Of Realtors,National Assn of Realtors,170985,Y,501(c)(6),1992
National Federation of Independent Business,,69302,Y,501(c)(6),1992
Sierra Club,,68022,Y,501(c)(4),1992
National Abortion Rights Action League,,57807,Y,501(c)(4),1992
National Abortion Rights Action League,,452267,Y,501(c)(4),1990
NRA Institute for Legislative Action,National Rifle Assn,349535,Y,501(c)(4),1990
National Assn of Realtors,,209144,Y,501(c)(6),1990
National Cmte to Preserve Social Security,,135290,Y,501(c)(4),1990
National Federation of Independent Business,,94693,Y,501(c)(6),1990