filer_ein,filer_name,latest_cycle
010593565,The ONE Campaign,2008
010879928,CHESAPEAKE CLIMATE ACTION NETWORK ACTION,2024
020759160,VOCES DE LA FRONTERA ACTION INC,2024
030554750,CENTER FOR VOTER INFORMATION,2024
042114561,AMERICAN ASSOCIATION FOR JUSTICE,2006
043578179,OTHER 98 PERCENT ACTION INC,2024
060872695,CONNECTICUT CITIZEN ACTION GROUP INC,2006
112644562,CITIZEN ACTION OF NEW YORK INC,2022
131084330,NATIONAL ASSOCIATION OF MANUFACTURERS,2010
131385942,INTERNATIONAL BROTHERHOOD OF PAINTERS &,2024
132630359,REPRODUCTIVE FREEDOM FOR ALL,2022
133109557,Democratic Socialists of America Inc,2020
133539048,PLANNED PARENTHOOD ACTION FUND INC,2018
133871360,AMERICAN CIVIL LIBERTIES UNION INC,2024
133976062,NRDC ACTION FUND INC,2024
135665571,INDEPENDENT INSURANCE AGENTS AND BROKERS,2014
136226549,FEDERATION OF AMERICAN HOSPITALS,2018
200263611,WORKING AMERICA,2008
200748404,AMERICA'S VOICE,2016
200960855,FAMILY POLICY ALLIANCE,2020
201597444,TRUMAN NATIONAL SECURITY PROJECT,2012
201734070,THIRD WAY,2022
202303252,The Concord Fund,2018
202603413,FIDELIS,2024
204448446,MOMSRISING TOGETHER,2024
204681603,CLUB FOR GROWTH,2018
205012920,COLORADO FAMILY ACTION,2012
205050267,AVAAZ FOUNDATION,2016
205339299,OUR COMMUNITY VOTES INC,2012
205355252,ENVIRONMENT AMERICA INC,2012
207472471,National Organization For Marriage Education Fund,2014
208476893,THE CATHOLIC ASSOCIATION INC,2016
208720230,PROGRESS NOW INC,2016
208802884,EVERYTOWN FOR GUN SAFETY ACTION FUND,2018
232208281,PLANNED PARENTHOOD PENNSYLVANIA,2018
237065623,CREDIT UNION NATIONAL ASSOCIATION INC,2018
237373806,TEXAS RIGHT TO LIFE COMMITTEE INC,2018
237420660,FRIENDS OF THE EARTH,2022
260317208,Alliance for a Better Minnesota,2008
260563406,ENTERPRISE ACTION COMMITTEE,2016
260573960,Fuse Washington,2022
260596684,EDUCATION REFORM NOW ADVOCACY INC,2016
260620554,AMERICAN FUTURE FUND,2018
261181604,350ORG ACTION FUND,2016
261377619,NEW VIRGINIA MAJORITY,2020
261507828,J STREET,2022
261525298,FAIR SHARE INC,2012
261598353,EVERYTOWN FOR GUN SAFETY SUPPORT FUND,2012
261728410,CARE ACTION NOW INCORPORATED,2022
261907502,STAND UP AMERICA US FOUNDATION,2024
262118541,WINNING MESSAGE ACTION FUND INC,2008
262383617,The Hispanic Leadership Fund Inc,2012
262404352,EMPOWER IOWA FUND,2016
262613701,PEOPLE'S ACTION,2020
262731617,AMERICAN ENERGY ALLIANCE,2012
262818537,TEXAS JUSTICE FUND,2022
263064170,THE OHIO ORGANIZING CAMPAIGN,2024
263187498,ILLINOIS IMMIGRANT ACTION INC,2018
263582447,PATRIOTIC VETERANS INC,2024
263594713,AMERICAN MAJORITY ACTION,2024
263722621,KENTUCKY OPPORTUNITY COALITION INC,2014
263827419,FAITH IN PUBLIC LIFE ACTION FUND,2020
264086284,BlueGreen Alliance Inc,2010
264486735,SIXTEEN THIRTY FUND,2020
264489456,GRANITE STATE PROGRESS,2020
264568349,America Votes,2010
264613397,American Principles Project,2012
264683543,American Encore,2024
270061100,CENTER FOR COMMUNITY CHANGE ACTION,2010
270167620,FLORIDA RISING INC,2020
270182697,FAITH AND FREEDOM COALITION INC,2012
270273223,MAIN STREET ADVOCACY FUND,2018
270585219,CITIZENS FOR A WORKING AMERICA INC,2016
270730508,American Action Network Inc,2016
270860185,EQUALITY PENNSYLVANIA,2016
271398645,LIVING UNITED FOR CHANGE IN ARIZONA,2022
271408443,MAKE THE ROAD ACTION INC,2022
271460237,Californians for Human Immigrant,2018
271481855,TEXAS ORGANIZING PROJECT EDUCATION FUND,2020
271728961,Catholic Advocate,2014
271869914,ORGANIZE NOW INC,2018
271937961,ONE NATION,2016
272145405,CASA IN ACTION INC,2020
272189012,ENDING SPENDING INC,2018
272244700,HERITAGE ACTION FOR AMERICA,2018
272301175,Action For A Progressive Future,2020
272429741,CENTER FORWARD,2016
272572894,COMMITTEE FOR ISRAEL,2016
272753378,CROSSROADS GRASSROOTS POLICY STRATEGIES,2014
273352652,AMERICA INC,2014
273711817,SECUREAMERICANOWORG,2016
311796607,ASSOCIATION OF EQUIPMENT MANUFACTURERS,2024
320160436,FOOD & WATER ACTION FUND,2024
330358683,AMERICAN FIRST CREDIT UNION,2010
330476427,PLANNED PARENTHOOD ACTION FUND OF THE,2016
330627955,AMERICAN FEDERATION FOR CHILDREN INC,2020
331759324,PLANNED PARENTHOOD ACTION OREGON,2008
341208942,OHIO CITIZEN ACTION,2024
350411610,Indiana Chamber of Commerce Inc,2010
352317275,IMMIGRANTS' LIST CIVIC ACTION,2024
360726140,American Hospital Association,2010
360727175,AMERICAN MEDICAL ASSOCIATION,2014
361254650,ILLINOIS CHAMBER OF COMMERCE,2014
361520690,National Association of Realtors,2024
362388785,AMERICAN FEDERATION OF LABOR AND,2016
363783551,ILLINOIS COALITION FOR IMMIGRANT,2018
363906065,Americans United for Life Inc,2012
363975580,AMERICANS FOR LIMITED GOVERNMENT INC,2018
364241052,AMERICAN ASSOCIATION OF ORTHOPAEDIC,2018
364534086,Independent Women's Voice,2020
371430158,MICHIGAN LEAGUE OF CONSERVATION,2012
380826778,MICHIGAN CREDIT UNION LEAGUE,2010
381626029,MICHIGAN CHAMBER OF COMMERCE,2014
384043084,Defenders of Wildlife Action Fund,2010
391233219,WISCONSIN MANUFACTURERS AND COMMERCE,2010
391424314,CITIZEN ACTION OF WISCONSIN INC,2022
391678012,PLANNED PARENTHOOD ADVOCATES OF,2022
391785179,FAIR WISCONSIN INC,2018
394564260,YOUR VOTE MATTERS INC,2016
410659918,Direct Selling Association,2012
411336784,AMERICAN ACADEMY OF OPHTHALMOLOGY INC,2022
411709702,PLANNED PARENTHOOD MINNESOTA NORTH,2014
450518844,Jobs with Justice,2020
450710294,PATRIOT MAJORITY USA,2018
450924894,CITIZENS FOR A SOUND GOVERNMENT,2016
452600535,AMERICAN COMMITMENT,2014
452606048,PROGRESSIVE LEADERSHIP ALLIANCE OF NEVADA ACTION,2012
452711332,THE LEGACY FOUNDATION ACTION FUND,2014
452862217,PROGRESS NORTH CAROLINA ACTION,2024
453279620,IOWA CITIZENS FOR COMMUNITY IMPROVEMENT,2020
453534007,MONTANA HUNTERS AND ANGLERS ACTION,2020
453551569,PROTECT THE HARVEST ACTION FUND,2012
453709072,CONSERVATIVE REFORM NETWORK INC,2012
453732750,STAND TOGETHER CHAMBER OF COMMERCE INC,2018
453860271,CENTER FOR POPULAR DEMOCRACY,2018
454461853,Center For Racial and Gender E,2022
454874128,WORKER POWER,2024
455076442,Brighter Future Alliance,2024
455341145,UNIDOSUS ACTION FUND INC,2024
455363321,INDIGENOUS VOTE,2020
455542575,CITIZEN AWARENESS PROJECT INC,2012
455552554,Special Operations OPSEC Education Fund Inc,2012
460539726,BEND THE ARC JEWISH ACTION INC,2020
460558330,CITIZENS FOR RESPONSIBLE ENERGY,2022
460639645,NATIONAL WOMEN'S LAW CENTER ACTION FUND,2024
460792299,ISSUE ONE ACTION,2024
460793813,PUBLIC INTEGRITY ALLIANCE INC,2018
460862496,FOOD POLICY ACTION,2016
461465650,THE PEOPLE'S LOBBY,2022
461868892,CHRISTIANS UNITED FOR ISRAEL ACTION FUND,2020
462030419,NILC IMMIGRANT JUSTICE FUND,2024
462478028,Dolores Huerta Action Fund,2022
462767395,RECLAIMING AMERICANS FREEDOM,2018
462914731,ALLIANCE FOR YOUTH ACTION,2024
463501403,COLORADANS FOR RESPONSIBLE ENERGY,2024
463508366,THE SEMINAR NETWORK INC,2016
463681383,AMERICA NEXT,2016
464126174,CATALYST OKLAHOMA INC,2016
464331510,TURNING POINT ACTION INC,2022
464651149,LATINO VICTORY PROJECT,2016
465216666,UNITED WE DREAM ACTION,2024
465333489,FOUNDATION FOR ECONOMIC PROSPERITY INC,2014
465592432,GIFFORDS,2018
471338104,EQUALITY FLORIDA ACTION INC,2020
471391635,ALLIANCE FOR A FREE SOCIETY INC,2016
471645393,BE COUNTED INC,2022
471746234,We Vote We Win,2022
472045681,CHARTER SCHOOLS ACTION FUND,2022
472740671,ADVANCE NORTH CAROLINA INC,2020
473555626,NORTH CAROLINA A PHILIP RANDOLPH EDUCATIONAL FUND,2020
474368320,MAJORITY FORWARD,2020
474425291,Coalition for Growth and Opportunity Inc,2018
474435189,ENGAGE MIAMI INC,2024
474435527,Black Youth Project 100 NFP,2020
474903967,OHIO ENVIRONMENTAL COUNCIL ACTION FUND,2016
474910347,RIGHT WAY INITIATIVE INC,2016
474938352,VAPOR TECHNOLOGY ASSOCIATION,2020
475545490,REPUBLICAN HINDU COALITION,2022
510596352,VOTEVETS ACTION FUND INC,2024
520579380,ASSOCIATED BUILDERS AND CONTRACTORS INC,2016
520810813,AMERICAN CONSERVATIVE UNION INC,2018
520895129,AMERICAN RESORT DEVELOPMENT ASSOCIATION,2012
520984255,The NETWORK,2020
520986195,NATIONAL RIGHT TO LIFE COMMITTEE INC,2012
521009116,NATIONAL TAXPAYERS UNION,2008
521243457,HUMAN RIGHTS CAMPAIGN INC,2016
521256643,GUN OWNERS OF AMERICA INC,2020
521312579,National Committee to Preserve Social,1990
521366721,PEOPLE FOR THE AMERICAN WAY,2024
521403587,Americans for Tax Reform,2014
521541501,GREENPEACE INC,2022
521733698,LEAGUE OF CONSERVATION VOTERS INC,2016
521767808,ABA VEBA,2024
521878313,HEALTH COALITION ON LIABILITY AND ACCESS,2014
522277805,ALLIANCE FOR RETIRED AMERICANS,2018
530029260,ASSOCIATED GENERAL CONTRACTORS OF AMERICA INC,2020
530045720,Chamber of Commerce of the USA,2022
530104410,AMERICAN CHEMISTRY COUNCIL,2024
530116130,NATIONAL RIFLE ASSOCIATION OF AMERICA,2022
530183181,Defenders of Wildlife,2008
530204616,NATIONAL WILDLIFE FEDERATION,2006
540978858,The Conservative Caucus,2024
541426441,FEMINIST MAJORITY,2022
541564919,THE 60 PLUS ASSOCIATION INC,2024
541719605,HSLDA ACTION,2020
541850126,Susan B Anthony List Inc,2024
541916980,CENTER FOR INDIVIDUAL FREEDOM,2012
542015951,NATIONAL ASSOCIATION FOR GUN RIGHTS INC,2010
550306990,WEST VIRGINIA CHAMBER OF COMMERCE,2016
550307050,WEST VIRGINIA COAL ASSOCIATION,2018
591391115,PLANNED PARENTHOOD OF SOUTH FLORIDA,2004
593786428,Humane World Action Fund,2022
620306045,NATIONAL COTTON COUNCIL OF AMERICA,2020
621103006,SOUTHERN ALLIANCE FOR CLEAN ENERGY,2014
651218474,POWERPAC ORG,2018
680666110,CLIMATE REALITY ACTION FUND,2022
742556532,NATIONAL WILDLIFE FEDERATION ACTION FUND,2024
743234716,NEVADA ADVOCATES FOR PLANNED,2012
750603700,Cornerstone Credit Union League,2012
753148958,AMERICANS FOR PROSPERITY,2018
770053480,CIVIC EMPOWERMENT COALITION,2024
770261817,PLANNED PARENTHOOD ADVOCATES MAR MONTE,2014
810668995,MI FAMILIA VOTA,2024
811205696,PLUS Action Fund,2020
812185907,FLIC VOTES INC,2024
812212257,AMERICAN ENERGY ACTION,2018
812248241,NORTH CAROLINA LATINO POWER,2016
812639254,BORICUA VOTA,2018
812699957,ParentsTogether Action,2024
813260391,Our Revolution,2016
813511044,215 Peoples Alliance,2020
813512949,AMERICA WORKING TOGETHER,2016
813625061,Black Voters Matter Fund Inc,2018
814571869,Womens March Inc,2024
814944067,INDIVISIBLE PROJECT,2024
815016758,STAND UP REPUBLIC INC,2020
815137380,AMERICA FIRST WORKS INC,2018
820934131,NEW GEORGIA PROJECT ACTION FUND,2022
820957528,NEW DEMOCRACY,2022
821505471,WINNING FOR WOMEN INC,2018
821514760,BLACK PROGRESSIVE ACTION COALITION,2024
821685518,National Security and Opportunity Fund,2018
821742996,WILDERNESS SOCIETY ACTION FUND,2024
821919054,JEWISH DEMOCRATIC COUNCIL OF AMERICA,2018
821981944,EARTHJUSTICE ACTION,2024
822007387,NATIONAL SECURITY ACTION,2024
822606090,PATIENTS USA,2020
823030363,PROTECT OUR WINTERS ACTION FUND,2024
823045346,MARCH ON,2020
823166802,LEADERS IGNITING TRANSFORMATION ACTION FUND INC,2024
823674888,Pennsylvania United,2022
823877328,DEFENDING DEMOCRACY TOGETHER,2024
824259151,Community Water Center Action Fund,2024
824482629,CAMPAIGN FOR SUSTAINABLE RX PRICING,2020
824535615,MARCH FOR OUR LIVES ACTION FUND,2024
824578595,BLACK ECONOMIC ALLIANCE,2020
825097446,FIGHT CORPORATE MONOPOLIES,2024
825359967,DUTY AND HONOR,2018
825401286,Swamp Accountability Project,2018
825477192,ANIMAL WELLNESS ACTION,2024
825519787,Alianza For progress inc,2018
825528039,WAY TO WIN ACTION FUND INC,2020
830448717,Wisconsin Family Action,2012
830494970,IOWA CREDIT UNION LEAGUE,2012
830936641,CAROLINA FEDERATION,2024
831085161,SPLC ACTION FUND,2020
831199688,KIWA Action,2018
831487234,SOMOS ACCION,2022
831769970,NEW AMERICAN LEADERS ACTION FUND INC,2018
832050594,ECONOMIC SECURITY PROJECT ACTION INC,2024
832880678,PENNSYLVANIA STANDS UP INC,2022
833084374,Students for Life Action Inc,2022
833298146,DEMOCRATIC MAJORITY FOR ISRAEL,2024
834185105,HOUSE MAJORITY FORWARD,2020
834665335,ADVANCING AZ,2020
840146595,BELLCO CREDIT UNION,2002
841734545,Truth and Liberty Coalition Inc,2020
841860320,Rocky Mountain Values,2020
842378026,Piedmont Rising Inc,2020
842828142,PODER NC ACTION,2022
842889172,NCAAT IN ACTION,2024
842907396,Story Network Foundation,2022
843038674,Fair Future NC,2024
843474204,Fellow Americans,2020
843554059,WILD MONTANA ACTION FUND,2020
843834674,RURAL AMERICA FUND,2020
843944949,Freedom Action Now,2024
844281129,A STRONGER LOUISIANA,2020
844355156,RED WINE & BLUE,2024
844535961,COMMONWEALTH COMMUNICATIONS,2022
844700775,BIG TENT PROJECT FUND,2020
850549304,GOVERNING MAJORITY EDUCATION FUND,2022
850604101,WORKMONEY INC,2022
851359192,BUILDING AMERICA'S FUTURE,2024
851602627,Faith Forward,2020
851983868,In Union USA Action,2024
852340038,Cafe Accion,2022
852786747,LUPE VOTES,2024
852851625,WE ACT 4 CHANGE INC,2024
853056693,GEORGIA'S NOT BUYING IT INC,2020
861492251,POWER ACTION FUND,2024
863689961,DEMAND JUSTICE,2020
870752611,NAKASEC ACTION FUND,2024
872122911,GOODPOWER INC,2024
872367015,OPPORTUNITY FOR ALL ACTION FUND,2022
874598460,FREEDOM'S FUTURE FUND INC,2022
874630043,POWER TO THE POLLS INC,2022
880359303,NATIONAL ASSOCIATION OF HOME BUILDERS OF,2024
881133984,MI PODER,2024
883084482,EMERGING VOTERS INC,2022
900080500,ENVIRONMENTAL DEFENSE ACTION FUND,2024
911433368,Citizens United,2018
921545930,AMERICAN JOBS NOW,2024
922235061,All In For Utah,2024
931395796,UNITED FOR DEMOCRACY,2024
934944761,JORDAN CREDIT UNION FOUNDATION,2010
940362030,California Labor Federation AFL-CIO,2016
940707299,NATIONAL FEDERATION OF INDEPENDENT,2012
941153307,SIERRA CLUB,2020
943161863,The Impact Fund,2022
943168114,PLANNED PARENTHOOD ALLIANCE ADVOCATES,2010
943169564,CALIFORNIA ENVIRONMENTAL VOTERS,2012
951985500,AARP,2008
952237749,NATIONAL ASSOCIATION OF CONVENIENCE,2022
952408623,PLANNED PARENTHOOD LOS ANGELES,2018
953370744,CONCERNED WOMEN FOR AMERICA,2012
991805086,Ohio Works,2024
992011538,WISCONSIN PRINCIPLES INC,2024
993614737,Independent Veterans of America Action,2024
